patient,right_shoulder_x,right_shoulder_y,right_elbow_x,right_elbow_y,right_wrist_x,right_wrist_y,right_hip_x,right_hip_y,right_knee_x,right_knee_y,right_ankle_x,right_ankle_y,right_heel_x,right_heel_y,right_foot_index_x,right_foot_index_y
1.0,0.46432754397392273,0.26930615305900574,0.46208569407463074,0.41104400157928467,0.5166534781455994,0.5269032120704651,0.45205962657928467,0.5208999514579773,0.4389534294605255,0.700848400592804,0.26389169692993164,0.8369928002357483,0.22394275665283203,0.8465835452079773,0.28134942054748535,0.923952043056488
1.0,0.4750194549560547,0.26686346530914307,0.475742906332016,0.4057936370372772,0.526265025138855,0.5217227339744568,0.46834030747413635,0.514846682548523,0.5154115557670593,0.6851216554641724,0.5149620175361633,0.8587437868118286,0.49271976947784424,0.8841770887374878,0.5802018642425537,0.9083361625671387
1.0,0.48425620794296265,0.26225510239601135,0.486957311630249,0.40388745069503784,0.5448326468467712,0.5090606212615967,0.48638632893562317,0.5176806449890137,0.5092151761054993,0.6978008151054382,0.5242428779602051,0.8692944645881653,0.5093544125556946,0.8913342952728271,0.6060171127319336,0.9166890382766724
1.0,0.49482962489128113,0.2643658518791199,0.4999198019504547,0.4077233672142029,0.5707355737686157,0.5222427248954773,0.5081242322921753,0.5199349522590637,0.5406458973884583,0.6956446766853333,0.5896729230880737,0.8743553161621094,0.5404620170593262,0.905769407749176,0.6509154438972473,0.9121925830841064
